"matricula_id","grupo_id","estado","nota_promedio"
263,717,"N","18.00"
263,721,"N","16.00"
263,724,"N","17.00"
263,728,"N","16.00"
263,732,"N","14.00"
263,738,"N","16.00"
264,21,"N","14.00"
264,31,"N","14.00"
264,37,"N","16.00"
264,42,"N","16.00"
264,54,"N","12.00"
264,55,"N","15.00"
7,782,"N","16.00"
7,786,"N","18.00"
7,789,"N","19.00"
7,793,"N","17.00"
161,1204,"N","15.00"
7,797,"N","17.00"
7,803,"N","18.00"
3,717,"N","18.00"
3,721,"N","18.00"
3,724,"N","17.00"
3,728,"N","17.00"
3,732,"N","15.00"
3,738,"N","18.00"
10,782,"N","17.00"
10,786,"N","18.00"
10,789,"N","19.00"
10,793,"N","16.00"
10,797,"N","16.00"
10,803,"N","19.00"
266,6,"N","8.00"
266,11,"N","18.00"
266,20,"N","14.00"
266,25,"N","15.00"
266,30,"N","17.00"
6,782,"N","17.00"
6,786,"N","18.00"
18,802,"N","14.00"
18,812,"N","16.00"
18,818,"N","16.00"
18,823,"N","17.00"
18,835,"N","13.00"
18,836,"N","16.00"
6,789,"N","19.00"
6,793,"N","17.00"
6,797,"N","18.00"
6,803,"N","19.00"
266,54,"N","14.00"
267,6,"N","8.00"
267,11,"N","18.00"
267,20,"N","14.00"
267,25,"N","15.00"
267,30,"N","17.00"
267,54,"N","14.00"
268,18,"N","18.00"
161,1207,"N","15.00"
268,49,"N","15.00"
19,1178,"N","18.00"
19,1204,"N","14.00"
19,1207,"N","15.00"
19,1211,"N","14.00"
19,1212,"N","16.00"
30,932,"N","16.00"
30,942,"N","17.00"
30,948,"N","16.00"
29,932,"N","16.00"
29,942,"N","17.00"
29,948,"N","16.00"
29,953,"N","18.00"
29,965,"N","15.00"
29,966,"N","16.00"
30,953,"N","17.00"
161,1211,"N","16.00"
23,591,"N","17.00"
23,594,"N","15.00"
23,598,"N","17.00"
19,1224,"N","15.00"
270,2,"N",NULL
270,14,"N",NULL
270,26,"N",NULL
270,33,"N",NULL
270,38,"N",NULL
270,62,"N",NULL
20,782,"N","18.00"
20,786,"N","15.00"
20,789,"N","19.00"
20,793,"N","17.00"
20,797,"N","17.00"
20,803,"N","17.00"
37,982,"N","16.00"
37,987,"N","17.00"
37,996,"N","14.00"
37,1001,"N","17.00"
37,1006,"N","16.00"
37,1011,"N","14.00"
38,982,"N","15.00"
38,987,"N","17.00"
38,996,"N","14.00"
38,1001,"N","18.00"
38,1006,"N","16.00"
38,1011,"N","15.00"
161,1212,"N","15.00"
14,717,"N","14.00"
14,721,"N","14.00"
14,724,"N","17.00"
14,728,"N","16.00"
14,732,"N","14.00"
14,738,"N","15.00"
161,1220,"N","16.00"
48,1124,"N","19.00"
50,1124,"N","19.00"
341,602,"N","18.00"
341,608,"N","18.00"
342,672,"N","15.00"
342,682,"N","17.00"
342,688,"N","14.00"
342,693,"N","14.00"
40,932,"N","19.00"
40,942,"N","18.00"
40,948,"N","17.00"
40,953,"N","17.00"
40,965,"N","16.00"
40,966,"N","16.00"
161,1222,"N","14.00"
342,705,"N","18.00"
342,706,"N","14.00"
343,722,"N","14.00"
343,727,"N","15.00"
343,736,"N","14.00"
13,587,"N","17.00"
28,327,"N","14.00"
16,587,"N","16.00"
45,932,"N","19.00"
45,942,"N","17.00"
45,948,"N","17.00"
45,953,"N","18.00"
45,965,"N","15.00"
45,966,"N","16.00"
51,802,"N","14.00"
51,812,"N","14.00"
51,818,"N","14.00"
51,823,"N","14.00"
51,835,"N","14.00"
51,836,"N","14.00"
161,1224,"N","16.00"
28,331,"N","14.00"
28,334,"N","14.00"
28,338,"N","14.00"
28,342,"N","14.00"
28,348,"N","14.00"
60,1207,"N","16.00"
60,1211,"N","14.00"
60,1212,"N","16.00"
60,1220,"N","17.00"
60,1222,"N","14.00"
13,591,"N","16.00"
13,594,"N","17.00"
13,598,"N","17.00"
13,602,"N","14.00"
60,1224,"N","14.00"
13,608,"N","15.00"
343,741,"N","17.00"
62,1207,"N","18.00"
62,1211,"N","14.00"
62,1220,"N","18.00"
28,717,"N","15.00"
28,721,"N","19.00"
28,724,"N","17.00"
28,728,"N","18.00"
28,732,"N","15.00"
28,738,"N","17.00"
62,1212,"N","17.00"
62,1204,"N","15.00"
62,1222,"N","16.00"
30,965,"N","14.00"
30,966,"N","16.00"
61,982,"N","19.00"
341,587,"N","15.00"
61,987,"N","19.00"
61,996,"N","18.00"
61,1001,"N","20.00"
61,1006,"N","18.00"
61,1011,"N","16.00"
180,994,"N","14.00"
324,917,"N","14.00"
324,932,"N","14.00"
324,931,"N","12.00"
324,936,"N","16.00"
324,965,"N","12.00"
326,994,"N","16.00"
13,672,"N",NULL
49,2,"N",NULL
49,7,"N",NULL
49,14,"N",NULL
49,26,"N",NULL
49,33,"N",NULL
49,38,"N",NULL
326,987,"N","10.00"
326,996,"N","13.00"
326,1016,"N","12.00"
326,1006,"N","14.00"
326,1011,"N","12.00"
68,917,"N","14.00"
68,922,"N","14.00"
68,931,"N","14.00"
68,936,"N","15.00"
68,941,"N","16.00"
68,946,"N","12.00"
69,2,"N",NULL
69,7,"N",NULL
69,14,"N",NULL
69,26,"N",NULL
69,38,"N",NULL
69,64,"N",NULL
53,922,"N","17.00"
53,931,"N","14.00"
53,951,"N","14.00"
53,936,"N","17.00"
53,941,"N","16.00"
53,965,"N","18.00"
67,802,"N","14.00"
67,812,"N","14.00"
67,810,"N","16.00"
67,823,"N","17.00"
67,835,"N","15.00"
67,836,"N","16.00"
62,1224,"N","15.00"
70,1124,"N","19.00"
180,1012,"N","15.00"
180,1025,"N","15.00"
180,1027,"N","14.00"
145,917,"N","14.00"
89,717,"N","14.00"
89,721,"N","15.00"
89,724,"N","17.00"
89,728,"N","17.00"
89,732,"N","15.00"
89,738,"N","16.00"
191,802,"N","14.00"
191,812,"N","11.00"
191,818,"N","16.00"
191,823,"N","17.00"
191,835,"N","16.00"
191,836,"N","15.00"
97,717,"N","16.00"
86,717,"N","17.00"
86,721,"N","18.00"
86,724,"N","17.00"
86,728,"N","16.00"
86,732,"N","15.00"
86,738,"N","19.00"
192,917,"N","12.00"
192,922,"N","16.00"
192,931,"N","10.00"
192,936,"N","15.00"
192,941,"N","16.00"
192,946,"N","9.00"
118,802,"N","14.00"
118,812,"N","15.00"
118,818,"N","16.00"
118,823,"N","16.00"
118,835,"N","16.00"
118,836,"N","16.00"
223,1072,"N","15.00"
208,917,"N","14.00"
208,931,"N","14.00"
208,946,"N","13.00"
83,717,"N","16.00"
208,929,"N","16.00"
83,724,"N","16.00"
83,728,"N","17.00"
83,732,"N","14.00"
83,738,"N","14.00"
74,782,"N","17.00"
74,786,"N","18.00"
74,789,"N","19.00"
74,793,"N","16.00"
74,797,"N","18.00"
74,803,"N","19.00"
75,932,"N","17.00"
75,942,"N","17.00"
75,948,"N","17.00"
75,953,"N","17.00"
75,966,"N","20.00"
208,960,"N","12.00"
73,717,"N","14.00"
73,721,"N","17.00"
73,724,"N","17.00"
73,728,"N","17.00"
73,732,"N","16.00"
73,738,"N","17.00"
76,982,"N","17.00"
76,987,"N","17.00"
76,996,"N","15.00"
76,1001,"N","16.00"
76,1006,"N","16.00"
76,1011,"N","16.00"
77,1189,"N","18.00"
77,1207,"N","18.00"
77,1211,"N","16.00"
208,962,"N","11.00"
214,2,"N",NULL
214,60,"N",NULL
78,2,"N",NULL
78,7,"N",NULL
78,14,"N",NULL
78,26,"N",NULL
78,33,"N",NULL
78,38,"N",NULL
78,41,"N",NULL
123,802,"N","14.00"
123,812,"N","14.00"
123,818,"N","16.00"
123,823,"N","16.00"
123,835,"N","14.00"
123,836,"N","15.00"
214,61,"N",NULL
214,62,"N",NULL
214,64,"N",NULL
124,917,"N","12.00"
124,922,"N","18.00"
124,931,"N","14.00"
124,936,"N","18.00"
124,941,"N","16.00"
124,946,"N","14.00"
125,982,"N","17.00"
25,782,"N","18.00"
25,786,"N","15.00"
25,789,"N","19.00"
25,793,"N","18.00"
25,797,"N","16.00"
25,803,"N","18.00"
44,932,"N","19.00"
44,942,"N","18.00"
44,948,"N","17.00"
44,953,"N","18.00"
44,965,"N","15.00"
44,966,"N","17.00"
277,812,"N","17.00"
277,802,"N","11.00"
277,932,"N","17.00"
277,835,"N","16.00"
277,823,"N","14.00"
277,818,"N","14.00"
285,802,"N","16.00"
285,1047,"N","17.00"
285,936,"N","17.00"
286,951,"N","16.00"
286,922,"N","17.00"
286,931,"N","17.00"
289,529,"N","14.00"
125,994,"N","15.00"
125,1025,"N","14.00"
125,1027,"N","15.00"
125,1029,"N","15.00"
126,1178,"N","16.00"
126,1212,"N","16.00"
127,2,"N",NULL
127,14,"N",NULL
127,26,"N",NULL
127,38,"N",NULL
127,62,"N",NULL
127,64,"N",NULL
97,721,"N","17.00"
132,802,"N","16.00"
132,812,"N","16.00"
132,818,"N","17.00"
132,823,"N","16.00"
132,835,"N","20.00"
132,836,"N","15.00"
232,917,"N","12.00"
232,922,"N","16.00"
184,717,"N","18.00"
184,721,"N","17.00"
184,724,"N","18.00"
184,728,"N","16.00"
133,802,"N","14.00"
133,812,"N","15.00"
133,818,"N","16.00"
133,823,"N","15.00"
133,835,"N","16.00"
133,836,"N","15.00"
184,732,"N","16.00"
184,738,"N","15.00"
101,994,"N","16.00"
101,1012,"N","15.00"
101,1016,"N","14.00"
101,1025,"N","14.00"
97,724,"N","18.00"
97,728,"N","16.00"
101,1027,"N","17.00"
101,1029,"N","14.00"
232,931,"N","10.00"
232,936,"N","14.00"
232,941,"N","16.00"
202,717,"N","14.00"
202,721,"N","16.00"
202,724,"N","16.00"
202,728,"N","16.00"
202,732,"N","15.00"
202,738,"N","16.00"
126,1204,"N","14.00"
126,1207,"N","16.00"
126,1211,"N","17.00"
98,587,"N","14.00"
98,591,"N","12.00"
98,594,"N","15.00"
98,598,"N","16.00"
98,602,"N","16.00"
98,608,"N","14.00"
162,2,"N",NULL
162,7,"N",NULL
162,14,"N",NULL
232,946,"N","12.00"
162,26,"N",NULL
162,38,"N",NULL
162,64,"N",NULL
227,2,"N",NULL
227,7,"N",NULL
227,14,"N",NULL
227,26,"N",NULL
227,38,"N",NULL
230,1178,"N","19.00"
230,1207,"N","17.00"
230,1211,"N","15.00"
230,1204,"N","15.00"
230,1212,"N","17.00"
238,917,"N","13.00"
238,929,"N","16.00"
238,960,"N","14.00"
238,962,"N","17.00"
238,964,"N","10.00"
243,982,"N","16.00"
243,1002,"N","18.00"
243,1029,"N","15.00"
243,1009,"N","14.00"
243,1017,"N","17.00"
248,1178,"N","18.00"
248,1207,"N","14.00"
248,1211,"N","13.00"
248,1235,"N","15.00"
246,2,"N",NULL
246,14,"N",NULL
246,26,"N",NULL
246,64,"N",NULL
246,38,"N",NULL
246,62,"N",NULL
17,652,"N","14.00"
17,656,"N","15.00"
17,659,"N","16.00"
17,663,"N","14.00"
17,667,"N","14.00"
17,673,"N","14.00"
24,667,"N","14.00"
24,672,"N","17.00"
24,673,"N","16.00"
24,682,"N","14.00"
24,688,"N","15.00"
24,693,"N","14.00"
343,746,"N","15.00"
343,751,"N","15.00"
344,799,"N","14.00"
24,706,"N","16.00"
24,705,"N","14.00"
32,657,"N","13.00"
32,662,"N","13.00"
32,671,"N","13.00"
32,676,"N","17.00"
32,681,"N","15.00"
32,686,"N","15.00"
36,657,"N","14.00"
36,662,"N","14.00"
36,671,"N","14.00"
36,669,"N","15.00"
36,702,"N","15.00"
36,704,"N","14.00"
59,788,"N","14.00"
59,814,"N","15.00"
59,817,"N","14.00"
59,821,"N","14.00"
59,822,"N","15.00"
59,830,"N","17.00"
305,978,"N","13.00"
305,990,"N","13.00"
305,1002,"N","13.00"
305,1014,"N","14.00"
304,1185,"N","19.00"
304,1209,"N","17.00"
304,1212,"N","17.00"
304,1222,"N","17.00"
304,1220,"N","17.00"
344,817,"N","17.00"
344,821,"N","10.00"
344,830,"N","16.00"
344,832,"N","15.00"
344,834,"N","15.00"
345,918,"N","19.00"
345,951,"N","16.00"
345,937,"N","17.00"
345,944,"N","16.00"
345,952,"N","16.00"
346,978,"N","4.00"
346,990,"N","5.00"
346,1040,"N","15.00"
346,1014,"N","9.00"
346,1036,"N","8.00"
346,1037,"N","16.00"
346,1038,"N","6.00"
347,2,"N",NULL
347,14,"N",NULL
347,38,"N",NULL
347,62,"N",NULL
351,782,"N","17.00"
351,786,"N","17.00"
351,789,"N","18.00"
351,793,"N","16.00"
351,803,"N","15.00"
351,797,"N","18.00"
352,932,"N","15.00"
352,942,"N","17.00"
352,948,"N","16.00"
352,953,"N","16.00"
352,965,"N","14.00"
352,966,"N","16.00"
121,741,"N","14.00"
72,782,"N","17.00"
72,786,"N","18.00"
72,789,"N","19.00"
72,793,"N","16.00"
72,797,"N","17.00"
72,803,"N","18.00"
79,932,"N","18.00"
79,942,"N","16.00"
79,948,"N","16.00"
79,953,"N","18.00"
79,965,"N","20.00"
79,966,"N","16.00"
80,982,"N","17.00"
80,987,"N","15.00"
80,996,"N","14.00"
80,1001,"N","17.00"
80,1006,"N","16.00"
80,1011,"N","15.00"
81,1189,"N","15.00"
81,1207,"N","17.00"
81,1211,"N","14.00"
81,1220,"N","17.00"
81,1222,"N","17.00"
81,1224,"N","18.00"
82,2,"N",NULL
82,7,"N",NULL
82,14,"N",NULL
82,26,"N",NULL
82,33,"N",NULL
82,38,"N",NULL
82,41,"N",NULL
97,732,"N","15.00"
137,922,"N","17.00"
137,931,"N","14.00"
137,936,"N","16.00"
137,941,"N","16.00"
137,946,"N","14.00"
178,929,"N","15.00"
178,947,"N","17.00"
178,951,"N","14.00"
178,960,"N","14.00"
178,962,"N","16.00"
104,587,"N","15.00"
104,591,"N","17.00"
97,738,"N","18.00"
104,594,"N","17.00"
104,598,"N","19.00"
104,602,"N","14.00"
104,608,"N","17.00"
137,917,"N","12.00"
205,672,"N","15.00"
205,682,"N","17.00"
205,688,"N","15.00"
205,693,"N","14.00"
205,705,"N","15.00"
205,706,"N","15.00"
210,722,"N","13.00"
210,727,"N","15.00"
210,736,"N","12.00"
210,741,"N","10.00"
210,746,"N","15.00"
210,751,"N","14.00"
215,787,"N","14.00"
215,801,"N","14.00"
215,830,"N","15.00"
215,832,"N","16.00"
215,806,"N","16.00"
211,917,"N","13.00"
211,929,"N","16.00"
178,917,"N","18.00"
211,922,"N","16.00"
211,931,"N","14.00"
211,941,"N","17.00"
211,946,"N","14.00"
219,982,"N","17.00"
219,1025,"N","15.00"
219,1027,"N","15.00"
219,1029,"N","5.00"
219,1009,"N","14.00"
219,1017,"N","17.00"
220,1207,"N","15.00"
220,1211,"N","14.00"
220,1224,"N","14.00"
140,982,"N","17.00"
140,1025,"N","17.00"
140,1027,"N","15.00"
140,1029,"N","14.00"
140,1009,"N","16.00"
140,1017,"N","17.00"
225,929,"N","16.00"
83,721,"N","14.00"
225,918,"N","16.00"
105,587,"N","16.00"
105,591,"N","15.00"
105,594,"N","17.00"
105,602,"N","17.00"
105,608,"N","14.00"
105,598,"N","14.00"
225,947,"N","17.00"
225,951,"N","16.00"
225,964,"N","10.00"
151,1178,"N","20.00"
151,1207,"N","15.00"
151,1211,"N","14.00"
151,1235,"N","14.00"
178,964,"N","12.00"
194,1178,"N","15.00"
194,1189,"N","15.00"
194,1207,"N","17.00"
194,1211,"N","14.00"
194,1224,"N","16.00"
195,62,"N",NULL
195,2,"N",NULL
195,14,"N",NULL
195,26,"N",NULL
145,994,"N","17.00"
145,1025,"N","15.00"
145,1027,"N","14.00"
145,1029,"N","14.00"
195,33,"N",NULL
195,38,"N",NULL
75,965,"N","17.00"
77,1220,"N","19.00"
77,1222,"N","19.00"
77,1224,"N","18.00"
195,41,"N",NULL
134,728,"N","17.00"
134,732,"N","11.00"
134,738,"N","11.00"
247,812,"N","15.00"
247,818,"N","16.00"
247,823,"N","16.00"
247,797,"N","12.00"
247,836,"N","15.00"
250,994,"N","19.00"
250,1012,"N","17.00"
250,1016,"N","14.00"
159,717,"N","15.00"
250,1025,"N","16.00"
250,1027,"N","15.00"
250,1011,"N","16.00"
257,721,"N","16.00"
257,717,"N","17.00"
257,738,"N","15.00"
257,732,"N","14.00"
154,672,"N","12.00"
154,682,"N","16.00"
154,688,"N","13.00"
154,693,"N","16.00"
154,705,"N","14.00"
154,706,"N","14.00"
164,652,"N","15.00"
164,656,"N","15.00"
164,659,"N","18.00"
164,663,"N","15.00"
164,667,"N","15.00"
164,673,"N","14.00"
186,717,"N","18.00"
186,721,"N","18.00"
186,724,"N","18.00"
186,728,"N","18.00"
186,732,"N","15.00"
186,738,"N","18.00"
330,1173,"N","13.00"
204,1185,"N","14.00"
204,1197,"N","18.00"
204,1204,"N","14.00"
204,1209,"N","18.00"
204,1212,"N","16.00"
204,1178,"N","15.00"
217,982,"N","16.00"
217,994,"N","16.00"
217,1025,"N","17.00"
217,1027,"N","15.00"
217,1029,"N","15.00"
204,1224,"N","14.00"
231,990,"N","17.00"
231,1002,"N","18.00"
231,1029,"N","10.00"
231,1014,"N","16.00"
231,1017,"N","17.00"
234,1224,"N","14.00"
234,1204,"N","15.00"
234,1231,"N","16.00"
234,1233,"N","13.00"
236,2,"N",NULL
236,64,"N",NULL
236,61,"N",NULL
236,62,"N",NULL
134,721,"N","17.00"
134,724,"N","17.00"
216,1052,"N","18.00"
356,1178,"N","15.00"
356,1185,"N","18.00"
356,1197,"N","14.00"
356,1209,"N","17.00"
356,1212,"N","16.00"
356,1224,"N","16.00"
356,1235,"N","16.00"
150,2,"N","15.00"
150,32,"N","18.00"
198,917,"N","14.00"
198,931,"N","13.00"
198,936,"N","17.00"
198,941,"N","17.00"
198,946,"N","15.00"
198,960,"N","15.00"
199,994,"N","15.00"
199,996,"N","15.00"
199,1002,"N","14.00"
199,1016,"N","15.00"
199,1027,"N","18.00"
199,1029,"N","5.00"
150,60,"N","14.00"
150,61,"N","17.00"
150,62,"N","16.00"
179,917,"N","17.00"
339,1178,"N","15.00"
339,1185,"N","15.00"
339,1204,"N","17.00"
339,1207,"N","14.00"
339,1209,"N","14.00"
339,1212,"N","16.00"
339,1224,"N","16.00"
200,1178,"N","16.00"
200,1185,"N","14.00"
200,1207,"N","17.00"
200,1209,"N","14.00"
200,1212,"N","18.00"
200,1224,"N","16.00"
339,1231,"N","16.00"
201,2,"N",NULL
201,33,"N",NULL
201,60,"N",NULL
201,61,"N",NULL
201,62,"N",NULL
253,1178,"N","16.00"
253,1185,"N","16.00"
253,1197,"N","18.00"
253,1204,"N","14.00"
253,1209,"N","14.00"
253,1212,"N","17.00"
253,1224,"N","16.00"
259,2,"N",NULL
259,60,"N",NULL
259,61,"N",NULL
259,62,"N",NULL
259,64,"N",NULL
269,652,"N","14.00"
269,656,"N","14.00"
269,659,"N","14.00"
269,663,"N","14.00"
283,747,"N","16.00"
283,736,"N","14.00"
283,758,"N","16.00"
283,770,"N","17.00"
283,771,"N","15.00"
292,787,"N","13.00"
292,802,"N","13.00"
292,812,"N","15.00"
292,816,"N","17.00"
294,917,"N","12.00"
294,932,"N","16.00"
294,936,"N","19.00"
294,964,"N","16.00"
299,982,"N","16.00"
299,987,"N","14.00"
299,994,"N","15.00"
299,1006,"N","14.00"
300,1146,"N","17.00"
300,1155,"N","14.00"
302,1185,"N","14.00"
302,1197,"N","18.00"
302,1204,"N","14.00"
302,1207,"N","18.00"
302,1212,"N","16.00"
302,1222,"N","16.00"
306,1173,"N","13.00"
306,1185,"N","13.00"
306,1209,"N","13.00"
306,1235,"N","13.00"
306,1233,"N","13.00"
307,1173,"N",NULL
307,1185,"N",NULL
307,1209,"N",NULL
307,1235,"N",NULL
307,1233,"N",NULL
203,835,"N","11.00"
203,836,"N","16.00"
203,812,"N","15.00"
203,818,"N","16.00"
203,823,"N","17.00"
203,802,"N","15.00"
328,1207,"N","15.00"
328,1182,"N","14.00"
328,1211,"N","15.00"
328,1224,"N","15.00"
331,2,"N",NULL
331,14,"N",NULL
331,49,"N",NULL
134,1,"N","15.00"
331,41,"N",NULL
331,38,"N",NULL
146,672,"N","16.00"
146,693,"N","15.00"
146,705,"N","15.00"
146,706,"N","14.00"
147,787,"N","11.00"
147,792,"N","14.00"
147,801,"N","14.00"
147,688,"N","14.00"
147,806,"N","16.00"
147,811,"N","15.00"
147,816,"N","14.00"
229,1178,"N","19.00"
229,1207,"N","16.00"
229,1211,"N","14.00"
229,1204,"N","15.00"
229,1212,"N","17.00"
331,30,"N",NULL
237,1012,"N","17.00"
237,1016,"N","14.00"
237,1025,"N","17.00"
237,1027,"N","16.00"
237,1009,"N","16.00"
237,1011,"N","15.00"
331,33,"N",NULL
329,982,"N","16.00"
329,994,"N","18.00"
329,996,"N","15.00"
329,1011,"N","16.00"
251,672,"N","12.00"
251,682,"N","10.00"
251,688,"N","11.00"
251,693,"N","14.00"
251,705,"N","13.00"
251,706,"N","13.00"
257,728,"N","17.00"
257,724,"N","17.00"
257,812,"N","17.00"
257,802,"N","11.00"
257,932,"N","17.00"
257,835,"N","16.00"
257,823,"N","14.00"
257,818,"N","14.00"
329,1025,"N","16.00"
329,1027,"N","16.00"
262,1155,"N","20.00"
362,1178,"N","16.00"
362,1185,"N","17.00"
362,1197,"N","18.00"
293,1189,"N","20.00"
293,1207,"N","16.00"
293,1211,"N","17.00"
293,1222,"N","20.00"
293,1224,"N","18.00"
295,2,"N",NULL
295,7,"N",NULL
295,14,"N",NULL
295,26,"N",NULL
295,33,"N",NULL
295,38,"N",NULL
295,41,"N",NULL
289,546,"N","14.00"
289,537,"N","14.00"
362,1204,"N","16.00"
362,1207,"N","15.00"
362,1209,"N","16.00"
362,1212,"N","16.00"
362,1224,"N","14.00"
363,2,"N",NULL
363,60,"N",NULL
363,61,"N",NULL
363,62,"N",NULL
363,64,"N",NULL
360,1146,"N","16.00"
155,38,"N",NULL
159,721,"N","18.00"
159,724,"N","17.00"
159,728,"N","17.00"
159,732,"N","14.00"
159,738,"N","17.00"
170,737,"N","14.00"
170,747,"N","15.00"
170,753,"N","17.00"
170,758,"N","15.00"
170,770,"N","15.00"
170,771,"N","16.00"
189,717,"N","18.00"
189,721,"N","14.00"
189,724,"N","17.00"
189,728,"N","17.00"
189,732,"N","14.00"
189,738,"N","18.00"
206,787,"N","12.00"
206,792,"N","14.00"
206,801,"N","12.00"
206,806,"N","14.00"
206,811,"N","15.00"
206,816,"N","12.00"
207,802,"N","14.00"
207,812,"N","15.00"
207,818,"N","17.00"
207,823,"N","17.00"
207,835,"N","18.00"
207,836,"N","16.00"
213,917,"N","13.00"
213,922,"N","18.00"
213,931,"N","14.00"
213,936,"N","16.00"
213,941,"N","16.00"
213,946,"N","14.00"
218,802,"N","14.00"
218,812,"N","14.00"
218,818,"N","16.00"
218,823,"N","17.00"
218,835,"N","16.00"
218,836,"N","15.00"
224,982,"N","16.00"
224,994,"N","19.00"
224,1025,"N","16.00"
224,1027,"N","14.00"
224,1029,"N","15.00"
193,994,"N","9.00"
193,1025,"N","16.00"
193,1027,"N","15.00"
193,982,"N","16.00"
193,996,"N","14.00"
193,1011,"N","16.00"
120,917,"N","12.00"
120,922,"N","18.00"
120,929,"N","18.00"
120,931,"N","14.00"
120,941,"N","16.00"
120,946,"N","14.00"
183,1029,"N","17.00"
183,983,"N","16.00"
183,990,"N","17.00"
183,1002,"N","18.00"
183,1009,"N","16.00"
183,1014,"N","18.00"
183,1017,"N","17.00"
52,1047,"N","18.00"
54,994,"N","17.00"
54,1011,"N","15.00"
54,1012,"N","17.00"
55,1139,"N","18.00"
56,1178,"N","17.00"
56,1197,"N","18.00"
56,1235,"N","16.00"
57,2,"N","0.00"
57,32,"N","0.00"
57,60,"N","0.00"
57,61,"N","0.00"
57,62,"N","0.00"
63,982,"N","19.00"
63,987,"N","18.00"
63,996,"N","15.00"
63,1001,"N","20.00"
63,1006,"N","17.00"
63,1011,"N","18.00"
254,1155,"N","18.00"
255,1189,"N","18.00"
255,1207,"N","17.00"
255,1211,"N","16.00"
255,1222,"N","19.00"
255,1224,"N","18.00"
26,672,"N","14.00"
26,682,"N","17.00"
26,688,"N","16.00"
26,693,"N","14.00"
26,705,"N","15.00"
26,706,"N","16.00"
256,2,"N",NULL
256,7,"N",NULL
256,14,"N",NULL
256,26,"N",NULL
256,33,"N",NULL
256,38,"N",NULL
256,41,"N",NULL
27,727,"N","16.00"
27,736,"N","14.00"
27,741,"N","14.00"
27,746,"N","17.00"
54,1027,"N","16.00"
54,1025,"N","17.00"
314,787,"N","12.00"
54,1014,"N","18.00"
54,990,"N","15.00"
56,1224,"N","17.00"
56,1212,"N","16.00"
1,652,"N","14.00"
1,659,"N","15.00"
1,667,"N","14.00"
9,802,"N","6.00"
9,812,"N","14.00"
9,786,"N","18.00"
9,818,"N","18.00"
9,793,"N","18.00"
9,803,"N","15.00"
66,929,"N","19.00"
66,953,"N","17.00"
66,965,"N","14.00"
66,966,"N","16.00"
66,922,"N","14.00"
66,941,"N","15.00"
278,982,"N","15.00"
278,996,"N","13.00"
278,1011,"N","13.00"
278,1025,"N","13.00"
278,1027,"N","14.00"
278,1017,"N","17.00"
278,1009,"N","17.00"
279,1207,"N","18.00"
279,1211,"N","12.00"
279,1224,"N","18.00"
279,1235,"N","16.00"
280,32,"N",NULL
280,40,"N",NULL
280,2,"N",NULL
280,7,"N",NULL
280,26,"N",NULL
311,607,"N","15.00"
311,587,"N","17.00"
311,591,"N","15.00"
311,623,"N","14.00"
311,598,"N","16.00"
311,608,"N","14.00"
312,662,"N","14.00"
312,682,"N","16.00"
312,693,"N","14.00"
312,681,"N","11.00"
312,705,"N","12.00"
312,706,"N","15.00"
313,722,"N","13.00"
313,734,"N","16.00"
313,736,"N","13.00"
313,746,"N","14.00"
313,770,"N","16.00"
314,801,"N","14.00"
314,830,"N","8.00"
314,832,"N","15.00"
314,814,"N","14.00"
314,816,"N","15.00"
315,982,"N","15.00"
315,983,"N","18.00"
315,1025,"N","15.00"
315,1029,"N","10.00"
316,1146,"N","16.00"
317,1207,"N","16.00"
317,1185,"N","17.00"
317,1197,"N","18.00"
317,1224,"N","15.00"
317,1235,"N","15.00"
317,1209,"N","18.00"
317,1233,"N","14.00"
317,1212,"N","16.00"
318,2,"N",NULL
318,9,"N",NULL
318,60,"N",NULL
318,61,"N",NULL
168,717,"N","14.00"
168,721,"N","15.00"
168,724,"N","15.00"
168,728,"N","15.00"
168,732,"N","12.00"
168,738,"N","13.00"
139,917,"N","13.00"
139,922,"N","18.00"
139,931,"N","15.00"
139,936,"N","16.00"
139,941,"N","17.00"
139,946,"N","14.00"
157,747,"N","15.00"
157,753,"N","16.00"
157,758,"N","16.00"
157,732,"N","14.00"
157,738,"N","15.00"
157,771,"N","15.00"
102,1178,"N","15.00"
102,1185,"N","14.00"
102,1204,"N","15.00"
102,1209,"N","14.00"
196,717,"N","14.00"
196,721,"N","17.00"
196,724,"N","17.00"
196,728,"N","17.00"
196,732,"N","15.00"
196,738,"N","17.00"
197,802,"N","14.00"
155,2,"N",NULL
155,14,"N",NULL
155,26,"N",NULL
155,32,"N",NULL
155,62,"N",NULL
197,812,"N","14.00"
197,818,"N","16.00"
197,823,"N","16.00"
197,835,"N","14.00"
197,836,"N","15.00"
167,787,"N","12.00"
166,737,"N","15.00"
166,753,"N","17.00"
166,741,"N","15.00"
171,802,"N","14.00"
171,812,"N","14.00"
171,818,"N","16.00"
171,823,"N","17.00"
171,835,"N","14.00"
171,836,"N","16.00"
99,802,"N","18.00"
99,812,"N","17.00"
99,818,"N","18.00"
99,823,"N","16.00"
99,835,"N","16.00"
99,836,"N","15.00"
163,1178,"N","19.00"
163,1207,"N","15.00"
163,1211,"N","14.00"
163,1204,"N","14.00"
163,1212,"N","15.00"
130,672,"N","5.00"
153,1047,"N","15.00"
158,917,"N","11.00"
158,931,"N","14.00"
158,932,"N","11.00"
158,936,"N","17.00"
158,965,"N","14.00"
174,652,"N","15.00"
174,656,"N","15.00"
174,659,"N","18.00"
174,663,"N","18.00"
174,667,"N","14.00"
174,673,"N","16.00"
175,1066,"N","17.00"
135,737,"N","14.00"
135,747,"N","16.00"
135,753,"N","17.00"
135,758,"N","15.00"
135,770,"N","14.00"
135,771,"N","14.00"
167,792,"N","16.00"
167,801,"N","17.00"
167,806,"N","15.00"
167,811,"N","14.00"
167,816,"N","14.00"
100,787,"N","16.00"
100,792,"N","15.00"
100,801,"N","17.00"
100,806,"N","14.00"
100,811,"N","18.00"
100,816,"N","15.00"
149,922,"N","15.00"
149,931,"N","18.00"
149,936,"N","17.00"
149,941,"N","17.00"
149,946,"N","14.00"
149,951,"N","17.00"
160,1177,"N","16.00"
160,1182,"N","15.00"
160,1189,"N","15.00"
160,1191,"N","15.00"
160,1201,"N","16.00"
160,1206,"N","14.00"
130,682,"N","11.00"
130,591,"N","15.00"
130,688,"N","11.00"
130,693,"N","8.00"
130,705,"N","10.00"
245,2,"N",NULL
245,14,"N",NULL
245,26,"N",NULL
245,64,"N",NULL
245,38,"N",NULL
245,62,"N",NULL
144,682,"N","16.00"
226,1011,"N","14.00"
226,1017,"N","16.00"
226,1016,"N","14.00"
226,1025,"N","14.00"
226,1027,"N","15.00"
71,1207,"N","15.00"
71,1211,"N","13.00"
71,1220,"N","17.00"
71,1222,"N","16.00"
71,1224,"N","15.00"
71,1212,"N","17.00"
235,1178,"N","14.00"
235,1207,"N","14.00"
235,1185,"N","14.00"
235,1197,"N","18.00"
235,1224,"N","14.00"
235,1209,"N","14.00"
179,965,"N","19.00"
179,929,"N","17.00"
65,982,"N","16.00"
65,987,"N","17.00"
65,996,"N","14.00"
65,1001,"N","18.00"
65,1006,"N","16.00"
65,1011,"N","14.00"
260,33,"N",NULL
179,922,"N","18.00"
179,931,"N","14.00"
179,941,"N","16.00"
244,2,"N",NULL
244,33,"N",NULL
244,60,"N",NULL
244,61,"N",NULL
244,62,"N",NULL
260,40,"N",NULL
260,2,"N",NULL
260,7,"N",NULL
260,26,"N",NULL
332,64,"N",NULL
332,2,"N",NULL
332,14,"N",NULL
332,26,"N",NULL
332,38,"N",NULL
332,62,"N",NULL
333,717,"N","14.00"
333,721,"N","18.00"
333,724,"N","17.00"
333,728,"N","16.00"
333,732,"N","14.00"
333,738,"N","16.00"
334,802,"N","14.00"
334,812,"N","15.00"
334,818,"N","16.00"
334,823,"N","15.00"
334,835,"N","14.00"
334,836,"N","16.00"
335,1052,"N","14.00"
336,936,"N","15.00"
336,941,"N","16.00"
336,960,"N","17.00"
337,982,"N","16.00"
337,994,"N","14.00"
337,996,"N","14.00"
337,1002,"N","16.00"
318,32,"N",NULL
337,1011,"N","18.00"
337,1027,"N","17.00"
338,1146,"N","18.00"
364,782,"N","17.00"
364,786,"N",NULL
364,789,"N",NULL
364,793,"N",NULL
364,797,"N",NULL
364,803,"N",NULL
365,522,"N","15.00"
365,526,"N","16.00"
365,529,"N","16.00"
365,533,"N","17.00"
365,537,"N","16.00"
365,543,"N","14.00"
371,1072,"N","17.00"
368,717,"N","20.00"
368,721,"N","17.00"
368,724,"N","17.00"
368,732,"N","19.00"
366,912,"N","17.00"
366,916,"N","20.00"
366,919,"N","19.00"
366,923,"N","18.00"
366,927,"N","14.00"
366,933,"N","18.00"
376,812,"N","18.00"
376,818,"N","17.00"
380,936,"N","15.00"
380,937,"N","17.00"
380,953,"N","18.00"
377,1062,"N","15.00"
377,1066,"N","19.00"
377,1078,"N","17.00"
377,1083,"N","17.00"
377,1095,"N","16.00"
377,1096,"N","17.00"
386,782,"N","17.00"
386,786,"N","19.00"
386,789,"N","18.00"
386,793,"N","17.00"
386,797,"N","14.00"
386,803,"N","18.00"
382,988,"N","17.00"
382,994,"N","18.00"
382,997,"N","16.00"
382,998,"N","18.00"
382,1031,"N","16.00"
387,1160,"N","20.00"
381,593,"N","14.15"
389,1177,"N","17.00"
389,1182,"N","17.00"
389,1191,"N","15.00"
389,1201,"N","16.00"
389,1204,"N","17.00"
389,1206,"N","17.00"
385,982,"N","15.00"
385,987,"N","16.00"
385,994,"N","16.00"
385,996,"N","14.00"
385,1006,"N","16.00"
385,1011,"N","14.00"
381,627,"N","14.00"
393,830,"N","17.00"
391,49,"N","17.00"
391,51,"N","16.00"
391,41,"N","17.00"
391,64,"N","17.00"
391,40,"N","16.00"
391,53,"N","18.00"
391,36,"N","19.00"
388,932,"N","15.00"
388,942,"N","16.00"
388,948,"N","16.00"
388,953,"N","17.00"
388,965,"N","16.00"
388,966,"N","15.00"
395,1204,"N","16.00"
395,1207,"N","15.00"
395,1211,"N","14.00"
395,1212,"N","17.00"
395,1222,"N","16.00"
394,722,"N","14.00"
394,736,"N","13.00"
394,751,"N","16.00"
394,765,"N","14.00"
394,723,"N","15.00"
394,734,"N","16.00"
374,639,"N","14.00"
374,650,"N","15.00"
374,627,"N","14.00"
396,997,"N","14.00"
396,1007,"N","16.00"
396,1013,"N","17.00"
396,1018,"N","16.00"
396,1030,"N","18.00"
396,1031,"N","17.00"
395,1224,"N","13.00"
400,736,"N","15.00"
400,756,"N","14.00"
400,742,"N","18.00"
400,757,"N","17.00"
398,1177,"N","14.00"
398,1182,"N","17.00"
398,1191,"N","15.00"
398,1196,"N","16.00"
398,1201,"N","15.00"
398,1206,"N","17.00"
374,593,"N","14.00"
406,18,"N","16.00"
406,49,"N","16.00"
406,51,"N","14.00"
406,40,"N","15.00"
406,53,"N","16.00"
406,36,"N","14.00"
408,1178,"N","16.00"
408,1185,"N","18.00"
408,1197,"N","18.00"
408,1209,"N","17.00"
408,1224,"N","17.00"
408,1235,"N","17.00"
402,793,"N","16.00"
402,802,"N","18.00"
402,803,"N","15.00"
402,812,"N","16.00"
402,818,"N","17.00"
402,836,"N","16.00"
404,1071,"N","17.00"
390,741,"N","16.00"
390,758,"N","18.00"
390,770,"N","16.00"
390,722,"N","13.00"
390,727,"N","17.00"
390,767,"N","16.00"
367,717,"N","15.00"
367,721,"N","15.00"
367,724,"N","16.00"
367,732,"N","19.00"
416,1312,"N",NULL
414,749,"N","15.00"
414,752,"N","15.00"
414,769,"N","16.00"
414,730,"N","17.00"
414,754,"N","16.00"
414,753,"N","11.00"
417,1312,"N",NULL
415,2,"N",NULL
422,718,"N",NULL
397,607,"N","13.00"
397,617,"N","14.00"
397,623,"N","14.00"
397,628,"N","14.00"
397,640,"N","13.00"
397,641,"N","13.00"
413,982,"N","15.00"
413,987,"N","15.00"
413,996,"N","10.00"
413,1001,"N","15.00"
413,1006,"N","14.00"
413,1011,"N","12.00"
383,671,"N","14.00"
383,672,"N","14.00"
383,676,"N","14.00"
383,705,"N","13.00"
383,706,"N","15.00"
399,792,"N","16.00"
399,835,"N","19.00"
401,1071,"N","17.00"
403,917,"N","12.00"
403,929,"N","14.00"
403,960,"N","16.00"
403,946,"N","14.00"
405,982,"N","15.00"
405,1027,"N","17.00"
405,1002,"N","18.00"
405,1029,"N","14.00"
405,1009,"N","14.00"
407,1178,"N","19.00"
407,1207,"N","16.00"
407,1211,"N","15.00"
407,1235,"N","18.00"
407,1212,"N","16.00"
409,1173,"N","9.00"
409,1185,"N","16.00"
409,1209,"N","14.00"
409,1231,"N","14.00"
409,1232,"N","14.00"
409,1203,"N","17.00"
409,1233,"N","14.00"
423,1312,"N",NULL
375,1313,"N","15.00"
375,1314,"N","15.00"
375,1315,"N","15.00"
375,1316,"N","14.00"
375,1317,"N","14.00"
375,1319,"N","15.00"
418,1189,"N","15.00"
418,1207,"N","14.00"
418,1211,"N","11.00"
418,1220,"N","16.00"
418,1222,"N","15.00"
418,1206,"N","16.00"
419,41,"N","15.00"
419,7,"N","17.00"
419,33,"N","15.00"
419,26,"N","18.00"
419,40,"N","15.00"
419,53,"N","17.00"
420,1312,"N",NULL
426,982,"N","16.00"
426,996,"N","15.00"
426,1037,"N","18.00"
426,1038,"N","14.00"
433,1180,"N","11.00"
433,1203,"N","13.00"
433,1207,"N","14.00"
433,1211,"N","17.00"
439,1248,"N",NULL
439,1260,"N",NULL
439,1272,"N",NULL
442,1248,"N",NULL
448,1248,"N",NULL
448,1260,"N",NULL
448,1284,"N",NULL
450,1248,"N",NULL
450,1260,"N",NULL
450,1272,"N",NULL
448,1306,"N",NULL
448,1307,"N",NULL
448,1308,"N",NULL
448,1310,"N",NULL
451,1248,"N",NULL
451,1260,"N",NULL
451,1272,"N",NULL
451,1287,"N",NULL
451,1253,"N",NULL
451,1279,"N",NULL
451,1284,"N",NULL
446,1248,"N",NULL
447,1248,"N",NULL
457,1248,"N",NULL
464,1248,"N",NULL
467,1248,"N",NULL
464,1260,"N",NULL
464,1272,"N",NULL
458,1248,"N",NULL
468,1248,"N",NULL
464,1284,"N",NULL
464,1253,"N",NULL
453,1248,"N",NULL
453,1260,"N",NULL
453,1272,"N",NULL
453,1287,"N",NULL
453,1284,"N",NULL
453,1253,"N",NULL
464,1287,"N",NULL
441,1248,"N",NULL
441,1255,"N",NULL
441,1274,"N",NULL
441,1278,"N",NULL
458,1260,"N",NULL
442,1287,"N",NULL
442,1253,"N",NULL
442,1295,"N",NULL
442,1286,"N",NULL
449,1248,"N",NULL
449,1260,"N",NULL
449,1272,"N",NULL
449,1279,"N",NULL
449,1287,"N",NULL
449,1284,"N",NULL
449,1253,"N",NULL
455,1248,"N",NULL
455,1260,"N",NULL
455,1272,"N",NULL
455,1287,"N",NULL
455,1284,"N",NULL
455,1253,"N",NULL
433,1248,"N",NULL
458,1272,"N",NULL
458,1279,"N",NULL
457,1260,"N",NULL
457,1272,"N",NULL
458,1253,"N",NULL
469,1248,"N",NULL
469,1253,"N",NULL
469,1260,"N",NULL
469,1272,"N",NULL
469,1279,"N",NULL
469,1284,"N",NULL
469,1287,"N",NULL
452,1248,"N",NULL
452,1260,"N",NULL
452,1272,"N",NULL
452,1253,"N",NULL
452,1287,"N",NULL
452,1284,"N",NULL
452,1279,"N",NULL
458,1284,"N",NULL
467,1272,"N",NULL
467,1284,"N",NULL
467,1253,"N",NULL
447,1272,"N",NULL
447,1284,"N",NULL
447,1287,"N",NULL
447,1253,"N",NULL
447,1310,"N",NULL
446,1306,"N",NULL
446,1264,"N",NULL
446,1286,"N",NULL
446,1308,"N",NULL
458,1287,"N",NULL
471,1248,"N",NULL
471,1260,"N",NULL
471,1253,"N",NULL
471,1279,"N",NULL
471,1287,"N",NULL
471,1284,"N",NULL
471,1306,"N",NULL
471,1307,"N",NULL
468,1260,"N",NULL
468,1279,"N",NULL
468,1287,"N",NULL
468,1284,"N",NULL
468,1253,"N",NULL
468,1307,"N",NULL
482,1320,"N","18.00"
470,912,"N","18.00"
470,919,"N","17.00"
470,916,"N","19.00"
470,927,"N","17.00"
470,933,"N","19.00"
470,923,"N","17.00"
468,1306,"N",NULL
477,1248,"N",NULL
466,1248,"N",NULL
466,1260,"N",NULL
466,1272,"N",NULL
466,1253,"N",NULL
466,1310,"N",NULL
466,1284,"N",NULL
477,1253,"N",NULL
477,1260,"N",NULL
477,1284,"N",NULL
477,1287,"N",NULL
477,1310,"N",NULL
477,1272,"N",NULL
461,1191,"N","15.00"
461,1196,"N","18.00"
461,1177,"N","14.00"
461,1182,"N","19.00"
461,1201,"N","16.00"
461,1206,"N","18.00"
460,18,"N","16.00"
460,40,"N","15.00"
460,36,"N","19.00"
460,51,"N","17.00"
460,49,"N","19.00"
460,53,"N","19.00"
484,1327,"N","15.00"
433,1306,"N",NULL
473,1248,"N",NULL
473,1260,"N",NULL
473,1284,"N",NULL
473,1287,"N",NULL
473,1253,"N",NULL
473,1272,"N",NULL
457,1284,"N",NULL
457,1287,"N",NULL
467,1260,"N",NULL
467,1287,"N",NULL
447,1260,"N",NULL
479,1320,"N","16.00"
490,1321,"N",NULL
490,1272,"N",NULL
490,1279,"N",NULL
522,1321,"N",NULL
522,1272,"N",NULL
522,1253,"N",NULL
522,1286,"N",NULL
522,1271,"N",NULL
499,1321,"N",NULL
499,1278,"N",NULL
499,1260,"N",NULL
499,1295,"N",NULL
499,1297,"N",NULL
499,1284,"N",NULL
511,1321,"N",NULL
511,1279,"N",NULL
497,1321,"N",NULL
497,1260,"N",NULL
497,1310,"N",NULL
497,1306,"N",NULL
497,1308,"N",NULL
497,1307,"N",NULL
500,1321,"N",NULL
500,1286,"N",NULL
500,1297,"N",NULL
500,1272,"N",NULL
500,1287,"N",NULL
503,1321,"N",NULL
503,1260,"N",NULL
503,1310,"N",NULL
503,1284,"N",NULL
503,1307,"N",NULL
503,1308,"N",NULL
505,1321,"N",NULL
528,1321,"N",NULL
528,1272,"N",NULL
528,1279,"N",NULL
492,1321,"N",NULL
492,1310,"N",NULL
492,1306,"N",NULL
492,1307,"N",NULL
492,1255,"N",NULL
504,1321,"N",NULL
504,1306,"N",NULL
504,1307,"N",NULL
504,1255,"N",NULL
504,1260,"N",NULL
504,1310,"N",NULL
512,1321,"N",NULL
512,1253,"N",NULL
512,1264,"N",NULL
512,1286,"N",NULL
512,1295,"N",NULL
502,717,"N",NULL
502,721,"N",NULL
502,724,"N",NULL
502,728,"N",NULL
502,732,"N",NULL
502,738,"N",NULL
511,1253,"N",NULL
511,1287,"N",NULL
511,1284,"N",NULL
511,1260,"N",NULL
528,1253,"N",NULL
528,1260,"N",NULL
528,1284,"N",NULL
528,1287,"N",NULL
529,717,"N","15.00"
529,728,"N","16.00"
529,738,"N","15.00"
529,721,"N","16.00"
529,732,"N","11.00"
529,724,"N","16.00"
496,1321,"N",NULL
496,1253,"N",NULL
496,1260,"N",NULL
496,1272,"N",NULL
496,1279,"N",NULL
496,1284,"N",NULL
496,1287,"N",NULL
531,717,"N","16.51"
531,728,"N","16.80"
531,738,"N","15.57"
531,721,"N","15.52"
531,724,"N","16.49"
531,732,"N","14.13"
547,717,"N","17.81"
547,728,"N","17.60"
547,738,"N","17.10"
547,721,"N","17.78"
547,724,"N","16.97"
547,732,"N","13.62"
545,823,"N","17.00"
545,812,"N","15.00"
545,818,"N","16.00"
545,836,"N","16.00"
535,997,"N",NULL
535,977,"N",NULL
535,1013,"N",NULL
535,1018,"N",NULL
535,1030,"N",NULL
535,1031,"N",NULL
552,1057,"N","16.00"
491,1306,"N",NULL
491,1307,"N",NULL
491,1308,"N",NULL
491,1310,"N",NULL
491,1321,"N",NULL
491,1260,"N",NULL
491,1284,"N",NULL
546,823,"N","16.00"
546,802,"N","14.00"
546,812,"N","16.00"
546,835,"N","9.00"
546,836,"N","15.00"
546,818,"N","17.00"
556,982,"N","14.00"
556,987,"N","17.00"
556,1007,"N","17.00"
556,996,"N","14.00"
556,1006,"N","15.00"
556,1011,"N","15.00"
551,1178,"N","16.00"
550,931,"N","12.00"
550,932,"N","10.00"
550,965,"N","14.00"
550,917,"N","11.00"
550,936,"N","15.00"
532,36,"N","15.00"
532,40,"N","12.00"
551,1212,"N","17.00"
551,1197,"N","18.00"
551,1204,"N","15.00"
551,1211,"N","15.00"
551,1224,"N","12.00"
532,49,"N","17.00"
532,51,"N","13.00"
532,33,"N","14.00"
532,41,"N","12.00"
558,917,"N","14.00"
558,931,"N","12.00"
558,936,"N","13.00"
558,941,"N","16.00"
558,965,"N","14.00"
533,732,"N","12.00"
533,717,"N","14.00"
533,721,"N","17.00"
533,724,"N","17.00"
533,728,"N","17.00"
533,738,"N","14.00"
559,997,"N","11.00"
559,982,"N","14.00"
559,996,"N","14.00"
559,1011,"N","11.00"
559,994,"N","16.00"
565,1127,"N","15.00"
561,1027,"N","15.00"
561,987,"N","16.00"
561,996,"N","15.00"
561,1011,"N","9.00"
561,1001,"N","14.00"
567,917,"N","12.00"
567,931,"N","12.00"
567,932,"N","14.00"
567,936,"N","17.00"
567,965,"N","14.00"
563,1177,"N","15.00"
563,1189,"N","15.00"
563,1182,"N","14.00"
563,1224,"N","14.00"
569,1189,"N","15.00"
569,1185,"N","13.00"
569,1206,"N","14.00"
569,1207,"N","14.00"
569,1220,"N","14.00"
570,1204,"N","15.00"
570,1211,"N","13.00"
570,1182,"N","6.00"
570,1206,"N","15.00"
570,1207,"N","14.00"
570,1212,"N","17.00"
570,1201,"N","16.00"
571,982,"N","17.00"
571,996,"N","15.00"
571,987,"N","16.00"
571,994,"N","16.00"
571,1006,"N","17.00"
571,1011,"N","12.00"
574,1189,"N","16.00"
574,1207,"N","14.00"
574,1211,"N","11.00"
574,1220,"N","16.00"
574,1222,"N","16.00"
574,1206,"N","16.00"
566,912,"N","16.00"
566,916,"N","17.00"
566,919,"N","18.00"
566,923,"N","17.00"
566,927,"N","10.00"
566,933,"N","16.00"
505,1287,"N",NULL
582,1207,"N","17.00"
582,1211,"N","16.00"
582,1220,"N","16.00"
582,1222,"N","16.00"
582,1206,"N","17.00"
581,64,"N","17.00"
581,40,"N","15.00"
581,11,"N","9.00"
581,51,"N","13.00"
581,53,"N","16.00"
575,7,"N","15.00"
575,14,"N","15.00"
575,26,"N","17.00"
575,54,"N","15.00"
575,33,"N","14.00"
575,41,"N","17.00"
493,912,"N","17.00"
493,927,"N","15.00"
493,933,"N","20.00"
493,923,"N","18.00"
493,919,"N","18.00"
493,916,"N","20.00"
525,1248,"N",NULL
580,996,"N","14.00"
580,1006,"N","16.00"
580,1011,"N","16.00"
585,7,"N","15.00"
585,26,"N","18.00"
585,53,"N","14.00"
585,33,"N","16.00"
585,38,"N","16.00"
585,41,"N","18.00"
525,1310,"N",NULL
583,997,"N","9.00"
583,1007,"N","16.00"
583,1013,"N","17.00"
583,1018,"N","18.00"
583,1030,"N","14.00"
583,1031,"N","17.00"
525,1305,"N",NULL
588,932,"N","14.00"
588,936,"N","15.00"
588,946,"N","9.00"
530,997,"N","15.00"
530,1007,"N","17.00"
530,1013,"N","18.00"
530,1018,"N","17.00"
530,1030,"N","17.00"
530,1031,"N","16.00"
525,1307,"N",NULL
596,823,"N","17.00"
596,802,"N","14.00"
596,812,"N","14.00"
596,818,"N","16.00"
596,835,"N","15.00"
596,836,"N","16.00"
525,1255,"N",NULL
597,917,"N","11.00"
597,922,"N","18.00"
597,931,"N","13.00"
597,936,"N","17.00"
597,941,"N","16.00"
597,946,"N","11.00"
598,982,"N","17.00"
598,994,"N","14.00"
598,996,"N","14.00"
598,1025,"N","6.00"
598,1027,"N","15.00"
598,1011,"N","14.00"
599,1178,"N","18.00"
599,1207,"N","14.00"
599,1211,"N","16.00"
599,1220,"N","16.00"
599,1224,"N","12.00"
599,1204,"N","7.00"
599,1212,"N","16.00"
590,1177,"N","14.00"
590,1182,"N","14.00"
590,1191,"N","13.00"
590,1196,"N","16.00"
590,1201,"N","16.00"
590,1206,"N","15.00"
600,14,"N","17.00"
600,26,"N","17.00"
600,53,"N","16.00"
600,33,"N","15.00"
600,38,"N","16.00"
600,62,"N","17.00"
595,802,"N","12.00"
595,818,"N","18.00"
595,823,"N","15.00"
604,982,"N","14.00"
604,987,"N","14.00"
604,996,"N","14.00"
604,1001,"N","16.00"
604,1006,"N","16.00"
588,931,"N","12.00"
580,987,"N","10.00"
595,836,"N","15.00"
514,912,"N","15.00"
604,1011,"N","13.00"
514,916,"N","17.00"
514,919,"N","18.00"
594,717,"N","14.00"
594,728,"N","17.00"
594,738,"N","18.00"
594,721,"N","19.00"
594,724,"N","17.00"
594,732,"N","15.00"
514,923,"N","17.00"
514,927,"N","14.00"
602,823,"N","17.00"
602,802,"N","14.00"
602,812,"N","14.00"
602,818,"N","16.00"
602,835,"N","15.00"
602,836,"N","15.00"
514,933,"N","17.00"
607,932,"N","16.00"
607,942,"N","16.00"
607,948,"N","16.00"
607,953,"N","16.00"
607,965,"N","15.00"
572,912,"N","16.00"
572,916,"N","20.00"
572,919,"N","19.00"
572,923,"N","19.00"
572,927,"N","17.00"
572,933,"N","19.00"
576,997,"N","14.00"
576,1007,"N","17.00"
576,1013,"N","19.00"
576,1018,"N","17.00"
576,1030,"N","17.00"
576,1031,"N","17.00"
578,1177,"N","15.00"
578,1191,"N","16.00"
578,1220,"N","18.00"
578,1196,"N","18.00"
578,1201,"N","18.00"
578,1206,"N","17.00"
579,18,"N","17.00"
579,36,"N","15.00"
579,40,"N","16.00"
579,51,"N","17.00"
579,26,"N","18.00"
579,53,"N","14.00"
609,18,"N","14.00"
609,36,"N","14.00"
609,40,"N","12.00"
609,49,"N","1.00"
609,51,"N","14.00"
609,53,"N","5.00"
610,758,"N","7.00"
610,724,"N","16.00"
516,1201,"N","16.00"
607,966,"N","16.00"
515,997,"N","14.00"
515,1007,"N","16.00"
554,18,"N","15.00"
554,36,"N","15.00"
554,40,"N","14.00"
554,49,"N","14.00"
554,51,"N","15.00"
534,53,"N","15.00"
515,1013,"N","16.00"
611,812,"N","16.00"
611,797,"N","14.00"
611,818,"N","17.00"
611,823,"N","15.00"
611,836,"N","15.00"
515,1018,"N","15.00"
515,1030,"N","17.00"
515,1031,"N","15.00"
589,912,"N","15.00"
589,916,"N","18.00"
589,919,"N","19.00"
589,923,"N","18.00"
589,927,"N","18.00"
589,933,"N","19.00"
591,997,"N","17.00"
591,1007,"N","16.00"
591,1013,"N","17.00"
591,1018,"N","17.00"
591,1030,"N","15.00"
591,1031,"N","17.00"
592,1177,"N","15.00"
592,1182,"N","16.00"
592,1191,"N","14.00"
592,1196,"N","18.00"
592,1201,"N","17.00"
592,1206,"N","17.00"
593,18,"N","18.00"
593,36,"N","16.00"
593,40,"N","17.00"
593,51,"N","15.00"
593,53,"N","14.00"
593,49,"N","19.00"
557,1320,"N","15.00"
615,1321,"N",NULL
615,1279,"N",NULL
615,1253,"N",NULL
615,1272,"N",NULL
615,1260,"N",NULL
615,1287,"N",NULL
615,1284,"N",NULL
518,1321,"N",NULL
518,1272,"N",NULL
518,1279,"N",NULL
518,1260,"N",NULL
518,1284,"N",NULL
518,1253,"N",NULL
614,803,"N","19.00"
614,782,"N","17.00"
614,786,"N","15.00"
614,789,"N","19.00"
614,793,"N","18.00"
614,797,"N","17.00"
612,682,"N","14.00"
612,659,"N","13.00"
612,705,"N","15.00"
539,912,"N","16.00"
539,916,"N","14.00"
539,919,"N","15.00"
539,923,"N","15.00"
539,927,"N","11.00"
539,933,"N","11.00"
618,923,"N","17.00"
616,2,"N","12.00"
618,919,"N","18.00"
618,912,"N","18.00"
618,916,"N","16.00"
618,927,"N","14.00"
618,933,"N","16.00"
554,53,"N","15.00"
534,1177,"N","15.00"
534,1182,"N","16.00"
534,1191,"N","15.00"
534,1196,"N","15.00"
534,1201,"N","15.00"
534,1206,"N","16.00"
516,1177,"N","16.00"
516,1182,"N","13.00"
516,1191,"N","14.00"
603,931,"N","12.00"
603,941,"N","15.00"
603,917,"N","14.00"
603,922,"N","17.00"
603,946,"N","12.00"
603,936,"N","16.00"
605,1027,"N","15.00"
605,1016,"N","10.00"
605,996,"N","14.00"
605,1011,"N","15.00"
605,1025,"N","7.00"
605,994,"N","15.00"
516,1206,"N","16.00"
606,1211,"N","14.00"
606,1178,"N","15.00"
606,1207,"N","14.00"
606,1220,"N","17.00"
606,1224,"N","12.00"
606,1212,"N","16.00"
543,1321,"N","17.00"
617,617,"N","16.00"
617,591,"N","16.00"
617,598,"N","16.00"
617,602,"N","17.00"
617,608,"N","14.00"
578,1182,"N","14.00"
608,33,"N","15.00"
608,14,"N","10.00"
608,38,"N","18.00"
608,62,"N","14.00"
608,53,"N","17.00"
608,26,"N","17.00"
606,1204,"N","13.00"
586,1322,"N","15.00"
616,33,"N","16.00"
616,38,"N","15.00"
616,62,"N","16.00"
517,36,"N","14.00"
517,11,"N","16.00"
543,1007,"N","17.00"
543,1031,"N","17.00"
543,1030,"N","15.00"
543,1018,"N","17.00"
543,997,"N","14.00"
543,1013,"N","16.00"
517,40,"N","13.00"
517,51,"N","15.00"
517,25,"N","14.00"
616,26,"N","17.00"
616,41,"N","17.00"
621,1196,"N","15.00"
536,18,"N","16.00"
536,36,"N","15.00"
536,40,"N","14.00"
536,51,"N","14.00"
536,53,"N","14.00"
536,49,"N","16.00"
537,1177,"N","14.00"
537,1182,"N","17.00"
537,1191,"N","15.00"
537,1196,"N","14.00"
537,1206,"N","17.00"
537,1201,"N","16.00"
538,997,"N","12.00"
538,1007,"N","16.00"
538,1013,"N","13.00"
538,1018,"N","17.00"
538,1030,"N","14.00"
538,1031,"N","15.00"
621,1182,"N","14.00"
621,1201,"N","14.00"
621,1192,"N","15.00"
621,1177,"N","17.00"
621,1206,"N","18.00"
621,51,"N","14.00"
621,18,"N","16.00"
621,49,"N","14.00"
621,36,"N","16.00"
621,53,"N","16.00"
621,40,"N","18.00"
505,1272,"N",NULL
505,1260,"N",NULL
505,1253,"N",NULL
505,1279,"N",NULL
505,1284,"N",NULL
624,33,"N","15.00"
462,1030,"N","19.00"
462,1031,"N","17.00"
462,997,"N","17.00"
462,1007,"N","16.00"
462,1013,"N","17.00"
462,1018,"N","17.00"
633,18,"N","16.00"
633,36,"N","18.00"
633,40,"N","15.00"
633,49,"N","17.00"
633,51,"N","16.00"
633,53,"N","18.00"
625,6,"N","16.00"
624,36,"N","17.00"
638,1177,"N","14.00"
638,1182,"N","16.00"
638,1191,"N","16.00"
638,1196,"N","16.00"
638,1201,"N","17.00"
638,1206,"N","16.00"
624,40,"N","16.00"
634,782,"N","16.00"
634,786,"N","19.00"
634,789,"N","19.00"
634,793,"N","17.00"
634,797,"N","15.00"
634,803,"N","18.00"
645,18,"N","17.00"
645,36,"N","19.00"
645,40,"N","17.00"
645,49,"N","17.00"
645,51,"N","17.00"
645,53,"N","19.00"
635,587,"N",NULL
624,49,"N","14.00"
639,33,"N","15.00"
639,36,"N","17.00"
639,40,"N","16.00"
639,49,"N","18.00"
639,51,"N","16.00"
639,53,"N","18.00"
650,1177,"N","17.00"
650,1182,"N","17.00"
650,1191,"N","15.00"
650,1196,"N","18.00"
650,1201,"N","16.00"
650,1206,"N","17.00"
624,51,"N","17.00"
463,912,"N","16.00"
463,916,"N","17.00"
463,919,"N","18.00"
463,923,"N","18.00"
463,927,"N","17.00"
463,933,"N","19.00"
647,997,"N","14.00"
647,1007,"N","17.00"
647,1013,"N","16.00"
647,1018,"N","17.00"
647,1030,"N","16.00"
647,1031,"N","16.00"
658,997,"N","18.00"
658,1007,"N","18.00"
658,1013,"N","18.00"
658,1018,"N","17.00"
658,1030,"N","19.00"
658,1031,"N","17.00"
624,53,"N","16.00"
636,1320,"N","17.00"
625,7,"N","17.00"
625,31,"N","17.00"
656,912,"N","17.00"
656,916,"N","17.00"
656,919,"N","19.00"
656,923,"N","17.00"
656,927,"N","17.00"
656,933,"N","18.00"
625,37,"N","17.00"
625,35,"N","16.00"
663,912,"N","17.00"
663,916,"N","18.00"
663,919,"N","19.00"
663,923,"N","18.00"
663,927,"N","18.00"
655,728,"N","16.00"
655,724,"N","17.00"
655,717,"N","15.00"
655,738,"N","16.00"
478,997,"N","16.00"
478,1007,"N","16.00"
478,1013,"N","18.00"
478,1018,"N","16.00"
478,1030,"N","17.00"
478,1031,"N","16.00"
652,1177,"N","14.00"
652,1182,"N","17.00"
652,1191,"N","14.00"
652,1189,"N","18.00"
652,1201,"N","17.00"
652,1206,"N","17.00"
642,717,"N","12.00"
642,728,"N","16.00"
642,738,"N","13.00"
642,732,"N","13.00"
642,721,"N","13.00"
642,724,"N","14.00"
655,721,"N","14.00"
655,732,"N","14.00"
663,933,"N","19.00"
480,1177,"N","16.00"
480,1182,"N","18.00"
480,1191,"N","15.00"
480,1196,"N","19.00"
480,1201,"N","16.00"
480,1193,"N","17.00"
481,18,"N","17.00"
481,36,"N","19.00"
481,40,"N","16.00"
481,49,"N","17.00"
481,51,"N","16.00"
481,53,"N","16.00"
624,41,"N","18.00"
670,1189,"N","17.00"
670,1182,"N","14.00"
670,1191,"N","15.00"
670,1211,"N","12.00"
670,1201,"N","14.00"
670,1206,"N","16.00"
669,1131,"N","16.00"
676,997,"N","17.00"
676,1007,"N","17.00"
676,1013,"N","17.00"
676,1018,"N","16.00"
676,1030,"N","17.00"
676,1031,"N","17.00"
690,912,"N","15.00"
690,916,"N","18.00"
690,919,"N","17.00"
690,923,"N","18.00"
690,927,"N","15.00"
690,933,"N","18.00"
626,18,"N","15.00"
626,36,"N","15.00"
626,40,"N","14.00"
626,49,"N","14.00"
626,51,"N","14.00"
626,53,"N","14.00"
668,587,"N",NULL
668,594,"N",NULL
668,591,"N",NULL
668,598,"N",NULL
668,602,"N",NULL
668,608,"N",NULL
672,1177,"N","15.00"
672,1182,"N","16.00"
672,1191,"N","14.00"
672,1196,"N","14.00"
672,1201,"N","15.00"
672,1206,"N","16.00"
683,997,"N","14.00"
683,1007,"N","16.00"
683,1013,"N","17.00"
683,1018,"N","16.00"
683,1030,"N","14.00"
683,1031,"N","16.00"
662,1207,"N","15.00"
662,1222,"N","14.00"
662,1197,"N","18.00"
662,1225,"N","14.00"
662,1187,"N","14.00"
662,1212,"N","15.00"
662,1226,"N","17.00"
677,996,"N","14.00"
677,1025,"N","14.00"
677,1029,"N","14.00"
677,1006,"N","16.00"
677,1037,"N","14.00"
640,18,"N","18.00"
640,40,"N","17.00"
640,36,"N","18.00"
640,51,"N","17.00"
640,53,"N","18.00"
640,26,"N","18.00"
635,591,"N",NULL
635,594,"N",NULL
635,608,"N",NULL
635,602,"N",NULL
635,598,"N",NULL
659,932,"N","16.00"
659,942,"N","16.00"
659,948,"N","16.00"
659,953,"N","16.00"
659,1324,"N","14.00"
659,966,"N","17.00"
450,1287,"N",NULL
450,1284,"N",NULL
450,1279,"N",NULL
450,1253,"N",NULL
660,26,"N","18.00"
660,18,"N","17.00"
660,36,"N","15.00"
660,40,"N","15.00"
660,51,"N","15.00"
660,53,"N","16.00"
726,912,"N",NULL
726,916,"N",NULL
726,919,"N",NULL
726,923,"N",NULL
726,927,"N",NULL
726,933,"N",NULL
648,18,"N","16.00"
648,36,"N","18.00"
648,40,"N","15.00"
648,49,"N","16.00"
648,51,"N","15.00"
648,53,"N","18.00"
654,1177,"N","14.00"
654,1182,"N","17.00"
654,1191,"N","15.00"
654,1196,"N","18.00"
654,1201,"N","16.00"
654,1206,"N","17.00"
692,912,"N","15.00"
692,916,"N","17.00"
692,919,"N","17.00"
692,923,"N","17.00"
692,927,"N","15.00"
692,933,"N","18.00"
632,1320,"N","14.00"
697,922,"N","14.00"
697,916,"N","16.00"
697,953,"N","17.00"
679,1177,"N","16.00"
679,1191,"N","16.00"
679,1220,"N","19.00"
679,1196,"N","17.00"
679,1201,"N","18.00"
679,1206,"N","18.00"
699,997,"N","14.00"
699,1007,"N","17.00"
699,1013,"N","18.00"
699,1018,"N","16.00"
699,1030,"N","16.00"
699,1031,"N","17.00"
702,982,"N","16.00"
702,987,"N","15.00"
702,996,"N","13.00"
702,1325,"N","17.00"
702,1006,"N","16.00"
702,1011,"N","14.00"
629,912,"N","16.00"
629,916,"N","17.00"
629,919,"N","20.00"
629,923,"N","18.00"
629,927,"N","18.00"
629,933,"N","19.00"
664,912,"N","16.00"
664,919,"N","18.00"
664,927,"N","15.00"
664,933,"N","17.00"
664,923,"N","17.00"
705,912,"N","17.00"
705,916,"N","17.00"
705,919,"N","18.00"
705,923,"N","19.00"
705,927,"N","15.00"
705,933,"N","20.00"
701,982,"N","15.00"
657,1177,"N","14.00"
657,1191,"N","15.00"
657,1220,"N","19.00"
657,1196,"N","16.00"
657,1201,"N","18.00"
657,1206,"N","17.00"
477,1320,"N","15.00"
701,997,"N","15.00"
665,997,"N","14.00"
665,1007,"N","16.00"
665,1013,"N","17.00"
665,1018,"N","16.00"
665,1030,"N","18.00"
665,1031,"N","16.00"
701,996,"N","12.00"
703,802,"N","17.00"
703,782,"N","14.00"
703,789,"N","20.00"
703,793,"N","14.00"
703,803,"N","16.00"
686,997,"N","16.00"
686,1007,"N","16.00"
686,1013,"N","17.00"
686,1018,"N","17.00"
686,1030,"N","19.00"
686,1031,"N","17.00"
691,1196,"N","18.00"
691,1182,"N","17.00"
691,1191,"N","14.00"
691,1201,"N","16.00"
691,1177,"N","14.00"
691,1206,"N","14.00"
698,51,"N","15.00"
698,18,"N","17.00"
698,49,"N","18.00"
698,36,"N","17.00"
698,53,"N","17.00"
698,40,"N","16.00"
457,1279,"N",NULL
701,1001,"N","14.00"
701,1030,"N","16.00"
666,1177,"N","14.00"
666,1182,"N","16.00"
666,1191,"N","15.00"
666,1196,"N","18.00"
666,1201,"N","15.00"
666,1206,"N","15.00"
653,1117,"N","17.00"
631,923,"N","17.00"
631,919,"N","18.00"
631,912,"N","15.00"
631,933,"N","15.00"
631,916,"N","17.00"
631,927,"N","14.00"
711,1326,"N","15.00"
711,1191,"N","15.00"
711,1211,"N","13.00"
711,1220,"N","15.00"
711,1222,"N","14.00"
661,1007,"N","15.00"
661,1031,"N","16.00"
661,1030,"N","13.00"
661,1018,"N","16.00"
661,997,"N","14.00"
661,1013,"N","16.00"
687,1160,"N","19.00"
700,1196,"N","14.00"
700,1182,"N","17.00"
700,1191,"N","14.00"
700,1201,"N","16.00"
700,1177,"N","14.00"
700,1206,"N","15.00"
707,51,"N","15.00"
707,18,"N","15.00"
707,49,"N","16.00"
707,36,"N","14.00"
707,53,"N","18.00"
707,40,"N","14.00"
651,997,"N","15.00"
651,1007,"N","16.00"
651,1013,"N","16.00"
651,1030,"N","17.00"
651,1018,"N","16.00"
651,1031,"N","16.00"
667,18,"N","16.00"
667,36,"N","17.00"
667,40,"N","14.00"
667,49,"N","17.00"
667,51,"N","15.00"
667,53,"N","16.00"
712,1248,"N",NULL
712,1260,"N",NULL
712,1279,"N",NULL
712,1287,"N",NULL
712,1284,"N",NULL
712,1253,"N",NULL
712,1307,"N",NULL
712,1306,"N",NULL
646,912,"N","16.00"
625,25,"N","16.00"
627,18,"N","17.00"
627,36,"N","16.00"
627,40,"N","14.00"
627,49,"N","13.00"
627,51,"N","16.00"
733,997,"N",NULL
728,912,"N","15.00"
728,916,"N","18.00"
728,919,"N","17.00"
728,923,"N","17.00"
728,927,"N","16.00"
646,916,"N","18.00"
646,919,"N","18.00"
646,927,"N","14.00"
646,923,"N","17.00"
646,933,"N","19.00"
714,942,"N","16.00"
714,948,"N","16.00"
714,953,"N","17.00"
714,927,"N","15.00"
714,966,"N","17.00"
664,916,"N","19.00"
628,18,"N","18.00"
628,36,"N","17.00"
715,997,"N","16.00"
715,1007,"N","17.00"
628,40,"N","15.00"
628,49,"N","18.00"
715,1013,"N","19.00"
628,51,"N","16.00"
715,1018,"N","17.00"
628,53,"N","17.00"
715,1030,"N","18.00"
715,1031,"N","17.00"
671,1177,"N","15.00"
671,1182,"N","16.00"
671,1191,"N","15.00"
671,1196,"N","18.00"
671,1201,"N","14.00"
671,1206,"N","14.00"
694,997,"N","15.00"
694,1007,"N","17.00"
694,1013,"N","17.00"
694,1018,"N","17.00"
694,1030,"N","17.00"
694,1031,"N","17.00"
709,912,"N","16.00"
709,916,"N","19.00"
709,919,"N","17.00"
681,786,"N","15.00"
681,823,"N","16.00"
681,782,"N","15.00"
681,818,"N","17.00"
681,797,"N","15.00"
713,812,"N","16.00"
713,836,"N","16.00"
713,835,"N","14.00"
713,823,"N","16.00"
713,802,"N","14.00"
713,818,"N","14.00"
627,53,"N","18.00"
674,1177,"N","18.00"
674,1182,"N","17.00"
674,1191,"N","14.00"
674,1196,"N","16.00"
674,1201,"N","14.00"
674,1206,"N","16.00"
684,997,"N","14.00"
709,923,"N","17.00"
709,927,"N","14.00"
684,1007,"N","16.00"
709,933,"N","16.00"
684,1013,"N","17.00"
684,1018,"N","16.00"
684,1030,"N","17.00"
684,1031,"N","16.00"
722,1328,"N","16.00"
722,1329,"N","16.00"
722,1330,"N","13.00"
722,26,"N","17.00"
722,1331,"N","15.00"
722,1332,"N","14.00"
722,41,"N","18.00"
695,912,"N","15.00"
695,916,"N","17.00"
695,919,"N","17.00"
695,923,"N","18.00"
695,927,"N","14.00"
695,933,"N","15.00"
720,782,"N","16.00"
720,786,"N","18.00"
720,789,"N","19.00"
720,793,"N","17.00"
720,797,"N","11.00"
720,803,"N","17.00"
649,912,"N","16.00"
649,916,"N","17.00"
649,919,"N","18.00"
649,923,"N","17.00"
649,927,"N","14.00"
649,933,"N","17.00"
689,997,"N","10.00"
689,1007,"N","15.00"
689,1013,"N","16.00"
689,1018,"N","16.00"
689,1030,"N","16.00"
689,1031,"N","16.00"
721,912,"N","17.00"
721,916,"N","20.00"
721,919,"N","19.00"
708,1127,"N","14.00"
721,923,"N","18.00"
721,927,"N","17.00"
721,933,"N","19.00"
710,1177,"N","14.00"
710,1182,"N","16.00"
710,1191,"N","14.00"
710,1196,"N","14.00"
710,1201,"N","14.00"
710,1206,"N","14.00"
719,18,"N","16.00"
719,36,"N","19.00"
719,40,"N","15.00"
719,49,"N","19.00"
719,51,"N","17.00"
719,53,"N","17.00"
23,587,"N","15.00"
723,936,"N","14.00"
723,922,"N","16.00"
723,931,"N","14.00"
723,941,"N","17.00"
723,917,"N","14.00"
723,946,"N","14.00"
724,1333,"N","16.00"
704,1117,"N","17.00"
682,931,"N","12.00"
682,932,"N","14.00"
682,1324,"N","11.00"
682,966,"N","14.00"
682,936,"N","16.00"
637,1248,"N",NULL
637,1253,"N",NULL
637,1260,"N",NULL
637,1272,"N",NULL
637,1279,"N",NULL
637,1284,"N",NULL
637,1287,"N",NULL
685,987,"N","12.00"
685,996,"N","11.00"
685,1011,"N","15.00"
685,1006,"N","16.00"
685,994,"N","12.00"
457,1253,"N",NULL
718,26,"N","17.00"
718,18,"N","16.00"
718,36,"N","18.00"
718,40,"N","15.00"
718,51,"N","16.00"
718,53,"N","17.00"
688,1189,"N","14.00"
688,1177,"N","15.00"
688,1182,"N","15.00"
688,1224,"N","13.00"
729,997,"N","14.00"
729,1007,"N","15.00"
729,1013,"N","17.00"
729,1018,"N","16.00"
729,1030,"N","16.00"
729,1031,"N","17.00"
731,1177,"N","14.00"
731,1182,"N","15.00"
731,1191,"N","14.00"
731,1196,"N","14.00"
731,1201,"N","16.00"
731,1206,"N","14.00"
732,18,"N","14.00"
732,36,"N","15.00"
732,40,"N","15.00"
732,49,"N","14.00"
732,51,"N","16.00"
732,53,"N","17.00"
734,1320,"N","15.00"
717,33,"N","7.00"
717,40,"N","6.00"
717,36,"N","15.00"
717,51,"N","15.00"
717,49,"N","4.00"
717,41,"N","0.00"
733,1007,"N",NULL
733,1013,"N",NULL
733,1018,"N",NULL
733,1030,"N",NULL
733,1031,"N",NULL
740,1177,"N","14.00"
740,1182,"N","16.00"
740,1191,"N","14.00"
740,1196,"N","18.00"
740,1201,"N","18.00"
740,1206,"N","15.00"
745,18,"N","15.00"
745,49,"N","15.00"
745,51,"N","14.00"
745,40,"N","16.00"
745,53,"N","16.00"
745,36,"N","14.00"
341,594,"N","15.00"
341,591,"N","14.00"
341,598,"N","16.00"
23,602,"N","14.00"
23,608,"N","14.00"
728,933,"N","17.00"
680,682,"N","14.00"
680,706,"N","14.00"
680,705,"N","10.00"
680,693,"N","14.00"
680,672,"N","7.00"
680,688,"N","12.00"
735,1177,"N","15.00"
735,1191,"N","15.00"
735,1220,"N","18.00"
735,1196,"N","16.00"
735,1201,"N","17.00"
735,1206,"N","18.00"
736,1117,"N","16.00"
737,997,"N","14.00"
737,1007,"N","17.00"
737,1013,"N","17.00"
737,1018,"N","16.00"
737,1030,"N","18.00"
737,1031,"N","16.00"
738,912,"N","15.00"
738,916,"N","17.00"
738,919,"N","18.00"
738,923,"N","17.00"
738,927,"N","15.00"
738,933,"N","18.00"
722,682,"N","12.00"
736,682,"N","13.00"
753,682,"N","16.00"
754,787,"N","14.00"
754,792,"N","14.00"
754,801,"N","15.00"
754,806,"N","16.00"
754,811,"N","15.00"
754,816,"N","14.00"
759,929,"N","19.00"
759,947,"N","18.00"
759,951,"N","19.00"
759,960,"N","15.00"
759,962,"N","15.00"
759,964,"N","12.00"
760,983,"N","16.00"
760,990,"N","16.00"
760,1002,"N","18.00"
760,1029,"N","14.00"
760,1009,"N","16.00"
760,1014,"N","17.00"
760,1017,"N","17.00"
763,1173,"N","9.00"
763,1235,"N","18.00"
763,1231,"N","16.00"
763,1232,"N","14.00"
763,1233,"N","16.00"
682,722,"N","12.00"
682,737,"N","18.00"
682,736,"N","13.00"
682,753,"N","16.00"
682,770,"N","16.00"
630,1302,"N",NULL
630,1303,"N",NULL
630,1306,"N",NULL
630,1307,"N",NULL
630,1308,"N",NULL
630,1310,"N",NULL
678,672,"N","14.00"
678,682,"N","15.00"
678,688,"N","14.00"
678,693,"N","13.00"
678,705,"N","14.00"
678,706,"N","14.00"
741,693,"N","15.00"
741,676,"N","18.00"
741,657,"N","13.00"
748,704,"N","13.00"
748,700,"N","14.00"
748,686,"N","15.00"
750,704,"N","15.00"
750,700,"N","12.00"
750,691,"N","14.00"
750,702,"N","16.00"
750,677,"N","18.00"
445,1264,"N",NULL
445,1248,"N",NULL
445,1260,"N",NULL
445,1253,"N",NULL
